Workbook

Sheet Basic Pay
B3: Basic Pay of the Employees
B4: Emp_ID | C4: Emp_Name | D4: Emp_Basic_Pay
B5: 5001 | C5: Sandy | D5: 4500
B6: 5003 | C6: Sam | D6: 2500
B7: 5098 | C7: Peter | D7: 4500
B8: 5689 | C8: Bobby | D8: 3200
B9: 5764 | C9: John | D9: 1223
B10: 5091 | C10: Rita | D10: 7890
B11: 5673 | C11: Rozy | D11: 6500
B12: 5901 | C12: Rozita | D12: 5479
B13: 5764 | C13: Andre | D13: 3456
B14: 5555 | C14: Rocher | D14: 1200
D15: =SUM(D5:D14) -> 40448

Sheet HRA
B3: HRA of the Employees
B4: Emp_ID | C4: Emp_Name | D4: Emp_HRA
B5: 5001 | C5: Sandy | D5: ='Basic Pay'!D5+DA!D5*50% -> 31500
B6: 5003 | C6: Sam | D6: ='Basic Pay'!D6+DA!D6*50% -> 17500
B7: 5098 | C7: Peter | D7: ='Basic Pay'!D7+DA!D7*50% -> 31500
B8: 5689 | C8: Bobby | D8: ='Basic Pay'!D8+DA!D8*50% -> 22400
B9: 5764 | C9: John | D9: ='Basic Pay'!D9+DA!D9*50% -> 8561
B10: 5091 | C10: Rita | D10: ='Basic Pay'!D10+DA!D10*50% -> 55230
B11: 5673 | C11: Rozy | D11: ='Basic Pay'!D11+DA!D11*50% -> 45500
B12: 5901 | C12: Rozita | D12: ='Basic Pay'!D12+DA!D12*50% -> 38353
B13: 5764 | C13: Andre | D13: ='Basic Pay'!D13+DA!D13*50% -> 24192
B14: 5555 | C14: Rocher | D14: ='Basic Pay'!D14+DA!D14*50% -> 8400
D15: =SUM(D5:D14) -> 283136

Sheet DA
B3: DA of the Employees
B4: Emp_ID | C4: Emp_Name | D4: Emp_DA
B5: 5001 | C5: Sandy | D5: ='Basic Pay'!D5*12 -> 54000
B6: 5003 | C6: Sam | D6: ='Basic Pay'!D6*12 -> 30000
B7: 5098 | C7: Peter | D7: ='Basic Pay'!D7*12 -> 54000
B8: 5689 | C8: Bobby | D8: ='Basic Pay'!D8*12 -> 38400
B9: 5764 | C9: John | D9: ='Basic Pay'!D9*12 -> 14676
B10: 5091 | C10: Rita | D10: ='Basic Pay'!D10*12 -> 94680
B11: 5673 | C11: Rozy | D11: ='Basic Pay'!D11*12 -> 78000
B12: 5901 | C12: Rozita | D12: ='Basic Pay'!D12*12 -> 65748
B13: 5764 | C13: Andre | D13: ='Basic Pay'!D13*12 -> 41472
B14: 5555 | C14: Rocher | D14: ='Basic Pay'!D14*12 -> 14400
D15: =SUM(D5:D14) -> 485376

Sheet Gross Salary
C2: Employee | D2: Basic Pay | G2: Gross Salary
C3: 5001 | D3: 4500 | G3: =SUM('Basic Pay'!D5+HRA!D5+DA!D5) -> 90000
C4: 5003 | D4: 2500 | G4: =SUM('Basic Pay'!D6+HRA!D6+DA!D6) -> 50000
C5: 5098 | D5: 4500 | G5: =SUM('Basic Pay'!D7+HRA!D7+DA!D7) -> 90000
C6: 5689 | D6: 3200 | G6: =SUM('Basic Pay'!D8+HRA!D8+DA!D8) -> 64000
C7: 5764 | D7: 1223 | G7: =SUM('Basic Pay'!D9+HRA!D9+DA!D9) -> 24460
C8: 5091 | D8: 7890 | G8: =SUM('Basic Pay'!D10+HRA!D10+DA!D10) -> 157800
C9: 5673 | D9: 6500 | G9: =SUM('Basic Pay'!D11+HRA!D11+DA!D11) -> 130000
C10: 5901 | D10: 5479 | G10: =SUM('Basic Pay'!D12+HRA!D12+DA!D12) -> 109580
C11: 5764 | D11: 3456 | G11: =SUM('Basic Pay'!D13+HRA!D13+DA!D13) -> 69120
C12: 5555 | D12: 1200 | G12: =SUM('Basic Pay'!D14+HRA!D14+DA!D14) -> 24000
G13: =SUM('Basic Pay'!D15+HRA!D15+DA!D15) -> 808960
G14: =SUM('Basic Pay'!D16+HRA!D16+DA!D16) -> 0
